timestamp,tweet_text,username,all_hashtags,followers_count
2019-02-28 09:16:54,"As #ISIS faces demise, #Syrian #refugees remain hopeful the fate of their kin will be discovered https://t.co/Q7Xhi2AGDP",RudawEnglish,"[u'ISIS', u'Syrian', u'refugees']",355741
2019-02-28 09:16:02,Targeted #ISIS accounts https://t.co/fb85fKnIPH https://t.co/e9HvFGOaiN https://t.co/GSG3zoX4nx #targets #iceisis #opiceisis,CtrlSec,"[u'ISIS', u'targets', u'iceisis', u'opiceisis']",25856
2019-02-28 09:15:11,#Islam; #ShamimaBegum #ISIS  #IS The Qur'an: Textbook case of plagiarism https://t.co/Oqii1C82C4,PeterTownsend7,"[u'Islam', u'ShamimaBegum', u'ISIS', u'IS']",104217
2019-02-28 09:13:16,"These two beautiful #Yazidi #Children are fleeing/being rescued from #ISIS captivity, but 1000s others who were similarly abducted in 2014 remain missing. Welcome back angels. #YazidiGenocide #YazidiPlight #Yazidi #Yazidiwomen #TwitterYazidis #RescueYazidisKidnapped #Shingal https://t.co/4z7PlX2VsO",Sagvansaleem,"[u'Yazidi', u'Children', u'ISIS', u'YazidiGenocide', u'YazidiPlight', u'Yazidi', u'Yazidiwomen', u'TwitterYazidis', u'RescueYazidisKidnapped', u'Shingal']",505
2019-02-28 09:12:47,#ŸÇÿ±Ÿàÿ®_ŸÅŸÑÿ≥ÿ∑ŸäŸÜŸä  #ISIS AND ISRAEL  . https://t.co/LKzfLnlQBg,palestine_hb,"[u'\u0642\u0631\u0648\u0628_\u0641\u0644\u0633\u0637\u064a\u0646\u064a', u'ISIS']",12401
2019-02-28 09:11:20,@INFORMIUM1 @igotpaidfriday @ezralevant &lt;= #AKP #Turkey is accepting #ISIS supporters! üòè,wlbeattie,"[u'AKP', u'Turkey', u'ISIS']",2103
2019-02-28 09:11:09,US Army Takes 50 Tons of Gold From Syria in Alleged Deal With #ISIS https://t.co/sD0fpjoDLj #Trump,leafsman,"[u'ISIS', u'Trump']",579
2019-02-28 09:08:02,Targeted #ISIS accounts https://t.co/0jfgyZXb34 üèÉ üá¶üá´ https://t.co/QIKgaLQy1Y https://t.co/EGVlvRXVzV #targets #iceisis #opiceisis,CtrlSec,"[u'ISIS', u'targets', u'iceisis', u'opiceisis']",25856
2019-02-28 09:06:00,Head of the #KRG office tasked with rescuing #Ezidi abductees declared that a total of 45 Ezidis have been freed from #ISIS captivity in Syria since the start of this year. https://t.co/HklxU21gAr,Kirkuknow_DT,"[u'KRG', u'Ezidi', u'ISIS']",2467
2019-02-28 09:05:10,#Islam; #ShamimaBegum #ISIS  #IS  Get your free copy of the e-book 'On Islam and Indoctrination' at https://t.co/YO79zGpgrW,PeterTownsend7,"[u'Islam', u'ShamimaBegum', u'ISIS', u'IS']",104217
2019-02-28 09:00:06,Ban #Wahhabism in #India Campaign at Jasola Apllol #NewDelhi  https://t.co/IapEpA7SOR This video was made 2 years ago #ISIS #Taliban #AlQaeda #BokoHaram #AlShabab #JaisheMohammad #JaishEMohammed #NarendraModi #PulwamaTerroristAttack #PulwamaRevenge #PulwanaAttack #Pulwama,shehroze_01,"[u'Wahhabism', u'India', u'NewDelhi', u'ISIS', u'Taliban', u'AlQaeda', u'BokoHaram', u'AlShabab', u'JaisheMohammad', u'JaishEMohammed', u'NarendraModi', u'PulwamaTerroristAttack', u'PulwamaRevenge', u'PulwanaAttack', u'Pulwama']",71
2019-02-28 09:00:04,Targeted #ISIS accounts https://t.co/z2RJgNDlDZ üá¶üá´ https://t.co/DMEI4PvUeV https://t.co/PMVHGqDgl6 #targets #iceisis #opiceisis,CtrlSec,"[u'ISIS', u'targets', u'iceisis', u'opiceisis']",25856
2019-02-28 08:56:06,Targeted #ISIS accounts https://t.co/foJQJCy98y https://t.co/RBBqAiAJMn https://t.co/spYDew4B8d #targets #iceisis #opiceisis,CtrlSec,"[u'ISIS', u'targets', u'iceisis', u'opiceisis']",25856
2019-02-28 08:55:57,"@GhostSquadHack release contents from internal operation known as #OpDecryptISIS, exposing +1gb of compressed data related to ISIS members, recruiters &amp; sympathizers online. #ISIS #Intelligence https://t.co/sKnlfQmwZC",Cybintelligence,"[u'OpDecryptISIS', u'ISIS', u'Intelligence']",515
2019-02-28 08:55:05,#Islam; #ShamimaBegum #ISIS  #IS #lslamophobia and Virtue Signalling a Modern Parable https://t.co/0UrZg1vYSY,PeterTownsend7,"[u'Islam', u'ShamimaBegum', u'ISIS', u'IS', u'lslamophobia']",104217
2019-02-28 08:54:45,"Can anyone verify this?  According to reports by #Syrian state news agency¬†#SANA, #US forces struck a deal with #ISIS whereby the #Terrorist group would give up 50 tons of #GOLD across eastern #Syria‚Äôs #DeirelZour province in exchange for safe passage  https://t.co/koIQHhtVBg",CMAGracias,"[u'Syrian', u'SANA', u'US', u'ISIS', u'Terrorist', u'GOLD', u'Syria', u'DeirelZour']",1839
2019-02-28 08:54:00,Ban #Wahhabism in #India Campaign at Jasola Apllol #NewDelhi  https://t.co/f9fvnzkgNT This video was made 2 years ago #ISIS #Taliban #AlQaeda #BokoHaram #AlShabab #JaisheMohammad #JaishEMohammed #NarendraModi #PulwamaTerroristAttack #PulwamaRevenge #PulwanaAttack #Pulwama,therealrafaqat,"[u'Wahhabism', u'India', u'NewDelhi', u'ISIS', u'Taliban', u'AlQaeda', u'BokoHaram', u'AlShabab', u'JaisheMohammad', u'JaishEMohammed', u'NarendraModi', u'PulwamaTerroristAttack', u'PulwamaRevenge', u'PulwanaAttack', u'Pulwama']",3437
2019-02-28 08:53:29,GRAPHIC: Mass grave was found by #SDF in #Baghouz. Civilians mostly women are slaughtered by #ISIS. It‚Äôs clear that they were slaughtered not long ago.  (via @@RE_N_AS) https://t.co/aAKErlq8Od,smmsyria,"[u'SDF', u'Baghouz', u'ISIS']",5754
2019-02-28 08:51:59,#Iraq #ISIS #US Supporting development in Iraq is critical to prevent re-emergence of ISIS or a new ISIS in the region. https://t.co/BfKJUPjmvF,ArbogastJim,"[u'Iraq', u'ISIS', u'US']",17
2019-02-28 08:48:03,Targeted #ISIS accounts https://t.co/HgKIt4xkHX üá¶üá´ https://t.co/OJu5yUc02G üá¶üá´ https://t.co/nodT4ZhGEg #targets #iceisis #opiceisis,CtrlSec,"[u'ISIS', u'targets', u'iceisis', u'opiceisis']",25856
2019-02-28 08:46:14,"Good that some #Yezidi women and #Children are fleeing/being rescued from #ISIS captivity, but 1000s others who were similarly abducted in 2014 remain missing. NOW is the time for the international community to do all that it has failed to do for the past 4 ¬Ω years - #Syria #Iraq https://t.co/Xzf1jEIF0D",DRovera,"[u'Yezidi', u'Children', u'ISIS', u'Syria', u'Iraq']",18222
2019-02-28 08:45:10,"#Islam; #ShamimaBegum #ISIS  #IS Muhammad, 'Prophethood' and his Aorta https://t.co/GD5j2bBM5O",PeterTownsend7,"[u'Islam', u'ShamimaBegum', u'ISIS', u'IS']",104217
2019-02-28 08:44:09,"With #ISIS caliphate collapses, women of Deir Ez-Zor #Syria already coming together and preparing for 8 March women's day. Banner reads; ""Women's resistance leads to prosperous life and combats terrorism"". https://t.co/1EwUHVTP1s",ShinoCan2,"[u'ISIS', u'Syria']",150
2019-02-28 08:40:04,Targeted #ISIS accounts https://t.co/dIk6FrXmFM üèÉ üá¶üá´ https://t.co/Fl3nNms2RO https://t.co/noYLCW8Q5o #targets #iceisis #opiceisis,CtrlSec,"[u'ISIS', u'targets', u'iceisis', u'opiceisis']",25856
2019-02-28 08:38:07,Three Ezidi children rescued from ISIS enclave in Syria: official   https://t.co/OCcFHhS1vo #NRTnews #Ezidi #Yezidi #Yazidi #Syria #ISIS #TwitterKurds https://t.co/0SlFsEe71O,NRT_English,"[u'NRTnews', u'Ezidi', u'Yezidi', u'Yazidi', u'Syria', u'ISIS', u'TwitterKurds']",31690
2019-02-28 08:36:53,"#HTS busted #ISIS inside the western part of #Idlib CS. HTS operation reportedly targeted ISIS hideout that was located inside the town of #Darkoush. As a result, HTS killed at least 2 ISIS members, while also capturing two others. That's what we like: terrorists kill terrorists",smmsyria,"[u'HTS', u'ISIS', u'Idlib', u'Darkoush']",5754
2019-02-28 08:32:02,Targeted #ISIS accounts https://t.co/t2G5PkOlMX https://t.co/2naSM6kgQP üá¶üá´ https://t.co/0axULvr9mQ üá¶üá´ #targets #iceisis #opiceisis,CtrlSec,"[u'ISIS', u'targets', u'iceisis', u'opiceisis']",25856
2019-02-28 08:30:42,@coalition Jets Pound #IS Hideouts around #Kirkuk - #BasNews #Kurdistan #Iraq #ISIS #ISIL  https://t.co/j2hqRTmm0U https://t.co/DgWR7Pg1vJ,EnglishBasNews,"[u'IS', u'Kirkuk', u'BasNews', u'Kurdistan', u'Iraq', u'ISIS', u'ISIL']",13323
2019-02-28 08:30:20,"#Islam; #ShamimaBegum #ISIS  #IS PC ""Logic"" on Islam https://t.co/HEwdxBoIeS",PeterTownsend7,"[u'Islam', u'ShamimaBegum', u'ISIS', u'IS']",104217
2019-02-28 08:30:04,"#Islam #ISIS #Pakistan #Muslims 7th century ""religion"" @rodbishop15 @crazyparklady1 @heidiEC5 @suekeen1 @walshr108 @2tweetaboutit @jayme0509 @LolitaDickinson https://t.co/rdMouoFYpw",C_W_UK,"[u'Islam', u'ISIS', u'Pakistan', u'Muslims']",2128
2019-02-28 08:29:21,"#Syria: Was #ISIS dumped also by his allies, traditional and new? Two #IslamicState leaders arrested in the last hours. One by #Turkey and the other by #HTS at #Idlib. Meanwhile, #SAA launches final offensive on #Daesh in #BadiaAlSham https://t.co/HyJbbSS02z",FBussoletti,"[u'Syria', u'ISIS', u'IslamicState', u'Turkey', u'HTS', u'Idlib', u'SAA', u'Daesh', u'BadiaAlSham']",532
2019-02-28 08:25:06,#Islam; #ShamimaBegum #ISIS  #IS Jerusalem is holy because Muhammad visited on a flying horse https://t.co/EOj0Xhpc2s,PeterTownsend7,"[u'Islam', u'ShamimaBegum', u'ISIS', u'IS']",104217
2019-02-28 08:24:02,Targeted #ISIS accounts https://t.co/yslnHmChg3 üê∑ https://t.co/nWtf5wjJfu https://t.co/Fh4CQwkoBs #targets #iceisis #opiceisis,CtrlSec,"[u'ISIS', u'targets', u'iceisis', u'opiceisis']",25856
2019-02-28 08:16:35,SDF fighters rescued a #Yezidi boy in #Baghouz who still speaks his native Kurdish language fluently. He says that has seen people being killed by #ISIS. I wonder how he has been able to keep his mother-tongue language all these years! #TwitterKurds https://t.co/NYz2Cam0pP,karwan_faidhi,"[u'Yezidi', u'Baghouz', u'ISIS', u'TwitterKurds']",262
2019-02-28 08:16:03,Targeted #ISIS accounts https://t.co/camOWNdVdv https://t.co/kxOZNv53zw https://t.co/haagG44hNa üèÉ #targets #iceisis #opiceisis,CtrlSec,"[u'ISIS', u'targets', u'iceisis', u'opiceisis']",25856
2019-02-28 08:15:10,#Islam; #ShamimaBegum #ISIS  #IS Mecca's tiny 'Indoor Mountains' and the questions they raise https://t.co/AffcTDSt5I,PeterTownsend7,"[u'Islam', u'ShamimaBegum', u'ISIS', u'IS']",104217
2019-02-28 08:08:03,Targeted #ISIS accounts https://t.co/r2h8wUE3Zz üèÉ https://t.co/E3PCgnuGig https://t.co/UNhj3E1p7F #targets #iceisis #opiceisis,CtrlSec,"[u'ISIS', u'targets', u'iceisis', u'opiceisis']",25856
2019-02-28 08:07:10,"Multiple sources confirm the death of Seifallah Ben Hassine, aka #AbuAyyad al-Tunisi ( #ÿ£ÿ®Ÿà_ÿπŸäÿßÿ∂ ) in a #French #military operation in #Mali . The #Ansar_al_Shariah in #Tunisia founder is a highly-wanted #jihadist who was reported killed many times in the past!  #Isis #Libya #USA https://t.co/33QPLThN37",MouradTeyeb,"[u'AbuAyyad', u'\u0623\u0628\u0648_\u0639\u064a\u0627\u0636', u'French', u'military', u'Mali', u'Ansar_al_Shariah', u'Tunisia', u'jihadist', u'Isis', u'Libya', u'USA']",2251
2019-02-28 08:05:08,#Islam; #ShamimaBegum #ISIS  #IS Muhammad's Convenient Revelations https://t.co/WxuqxTmIY6,PeterTownsend7,"[u'Islam', u'ShamimaBegum', u'ISIS', u'IS']",104217
2019-02-28 08:00:02,Targeted #ISIS accounts https://t.co/MReqvsQbDw https://t.co/9r8345jP4h https://t.co/xgU5vl8dlH #targets #iceisis #opiceisis,CtrlSec,"[u'ISIS', u'targets', u'iceisis', u'opiceisis']",25856
2019-02-28 07:56:39,#HTS busts #ISIS sleeper cell inside western #Idlib https://t.co/eJ4zEBMmvN #Syria,TheArabSource,"[u'HTS', u'ISIS', u'Idlib', u'Syria']",50717
2019-02-28 07:56:03,Targeted #ISIS accounts https://t.co/6Y04VsmIr7 https://t.co/a8HCRkzDNV https://t.co/JbzgIyA74a #targets #iceisis #opiceisis,CtrlSec,"[u'ISIS', u'targets', u'iceisis', u'opiceisis']",25856
2019-02-28 07:55:07,#Islam; #ShamimaBegum #ISIS  #IS  Get your free copy of Peter Townsend's ebook 'Arabic for Unbelievers' at https://t.co/5i1QeUVvOX,PeterTownsend7,"[u'Islam', u'ShamimaBegum', u'ISIS', u'IS']",104217
2019-02-28 07:52:30,"#ISIS is cruel face of religion, what they did and what they are doing is not done by humans. They are demons https://t.co/dYRuc0UbWK",MonkChandan,[u'ISIS'],357
2019-02-28 07:51:44,True. I wonder why #jehadists like #ISIS warriors are not made to know these #commandments of #ProphetMuhammad !!! https://t.co/TivwBkLOMG,DrPrabuddhaGhan,"[u'jehadists', u'ISIS', u'commandments', u'ProphetMuhammad']",164
2019-02-28 07:48:02,Targeted #ISIS accounts https://t.co/VwijYtZEfH https://t.co/bb5xCW8Mmc https://t.co/x6uEWcGCmX üèÉ #targets #iceisis #opiceisis,CtrlSec,"[u'ISIS', u'targets', u'iceisis', u'opiceisis']",25856
2019-02-28 07:45:08,#Islam; #ShamimaBegum #ISIS  #IS The Muslima Romantic Dilemma https://t.co/X839CDqDnj,PeterTownsend7,"[u'Islam', u'ShamimaBegum', u'ISIS', u'IS']",104217
2019-02-28 07:41:00,https://t.co/jqPeiyyWnv It's been 17+ years #AfterSeptember11 yet  #Taliban #AlQaeda remain UNDEFEATED read this short statement to understand why. #ISIS #BokoHaram #AlShabab #HTS #JaisheMohammad #JaishEMohammed #DonaldTrump #NarendraModi #ImranKhan #Pakistan #India,SumiSumishah9,"[u'AfterSeptember11', u'Taliban', u'AlQaeda', u'ISIS', u'BokoHaram', u'AlShabab', u'HTS', u'JaisheMohammad', u'JaishEMohammed', u'DonaldTrump', u'NarendraModi', u'ImranKhan', u'Pakistan', u'India']",85
2019-02-28 07:41:00,Coalition airstrikes targeted several hidouts used by #ISIS in southern and western #Kirkuk on Wednesday leaving casualties. https://t.co/MRywkSwXPR,Kirkuknow_DT,"[u'ISIS', u'Kirkuk']",2467
2019-02-28 07:40:03,Targeted #ISIS accounts https://t.co/usZI9eptzH üèÉ https://t.co/ImAj1hltkG https://t.co/NLtQyBanUt #targets #iceisis #opiceisis,CtrlSec,"[u'ISIS', u'targets', u'iceisis', u'opiceisis']",25856
2019-02-28 07:32:02,Targeted #ISIS accounts https://t.co/iUwNYEgKZ3 üèÉ https://t.co/qUsAKUb876 https://t.co/HHn8tNYak1 #targets #iceisis #opiceisis,CtrlSec,"[u'ISIS', u'targets', u'iceisis', u'opiceisis']",25856
2019-02-28 07:30:18,#Islam; #ShamimaBegum #ISIS  #IS The 'Bewitched' Prophet https://t.co/J3V3s2oGpy,PeterTownsend7,"[u'Islam', u'ShamimaBegum', u'ISIS', u'IS']",104217
2019-02-28 07:29:56,#Occupy: #Iraqi #PM: üëçü§ó  We Could Take Non-Iraqi #ISIS üè¥‚Äç‚ò†Ô∏è Detainees From #US-#Occupied #Syria &amp; either #Prosecute üî• them or help to #Repatriate those #Terrorists to their home countries (to be prosecuted üë®‚Äç‚öñÔ∏è there):  -&gt;https://t.co/UKgjyBzvfL via @southfronteng,OccupySchagen,"[u'Occupy', u'Iraqi', u'PM', u'ISIS', u'US', u'Occupied', u'Syria', u'Prosecute', u'Repatriate', u'Terrorists']",7721
2019-02-28 07:25:06,#Islam; #ShamimaBegum #ISIS  #IS Defending the Qur'an? Where to start? https://t.co/czTHkKtH2j,PeterTownsend7,"[u'Islam', u'ShamimaBegum', u'ISIS', u'IS']",104217
2019-02-28 07:24:02,Targeted #ISIS accounts https://t.co/0Zy6AOJzR8 https://t.co/u2ADh5eY2p üèÉ https://t.co/anwbjrs3T6 #targets #iceisis #opiceisis,CtrlSec,"[u'ISIS', u'targets', u'iceisis', u'opiceisis']",25856
2019-02-28 07:21:50,@JordanEtem Hope Challenges for #Growth #innovation #digital being analysed by Experts &amp; will scenario for #business #trade may b different from that in d Previous century? #climate Impact failing states (16 of 35 in Africa) as in #Sudan #Somalia extremism #ISIS @singularityu,raayar,"[u'Growth', u'innovation', u'digital', u'business', u'trade', u'climate', u'Sudan', u'Somalia', u'ISIS']",1692
2019-02-28 07:21:37,@SyriacMFS taking part in defeat of #ISIS last strongholds and liberation of civilization @ChrisCBNNews @cnni @BBCWorld @nytimes @svt ‚Å¶@lawandliberty1‚Å© https://t.co/8NDqgfPCJt,RhawiMetin,[u'ISIS'],126
2019-02-28 07:17:14,"An approx 11yo Indonesian boy, who was evacuated from #Baghouz, where his father is still fighting for #ISIS, was briefly interviewed by @heather_murdock of @VOANews.  @nh_nh_ @BenarNews  https://t.co/Zu3xkSkWUE",SecurityJourno,"[u'Baghouz', u'ISIS']",1687
2019-02-28 07:16:03,Targeted #ISIS accounts https://t.co/H22tFcRVsA üÜï üö© https://t.co/FBZhhvUZU3 üèÉ https://t.co/TqUcxZ9n92 #targets #iceisis #opiceisis,CtrlSec,"[u'ISIS', u'targets', u'iceisis', u'opiceisis']",25856
2019-02-28 07:15:08,#Islam; #ShamimaBegum #ISIS  #IS Early Arab coinage and the challenge to Muslim history https://t.co/OuDrVIU0GL,PeterTownsend7,"[u'Islam', u'ShamimaBegum', u'ISIS', u'IS']",104217
2019-02-28 07:08:04,Targeted #ISIS accounts https://t.co/vfjp5aswFq üÜï https://t.co/kol0TQwHmc üÜï https://t.co/NVinKDuFZ4 üÜï #targets #iceisis #opiceisis,CtrlSec,"[u'ISIS', u'targets', u'iceisis', u'opiceisis']",25856
2019-02-28 07:08:02,@smittal_ips @Nimbupaani True that.. 1. Why Kashmiries are targeted? Ask yourself... 2. Why pelt stones on Army? 3. Why be terror sympathizers? 4. Why support #Caliphate ? 5. Why do you support #ISIS ? 6. Why be against India? 7. Why be so ungrateful?  Yet you say that you are been targeted @shahfaesal,ViShNu_SiNgH74,"[u'Caliphate', u'ISIS']",461
2019-02-28 07:05:05,"#Islam; #ShamimaBegum #ISIS  #IS Muhammad's ""Star Wars"" https://t.co/xRTWg5BO7Z",PeterTownsend7,"[u'Islam', u'ShamimaBegum', u'ISIS', u'IS']",104217
2019-02-28 07:02:37,[Graphic 18+] Mass grave of civilian victims of #ISIS uncovered by #SDF troops in #Baghouz (video) https://t.co/3BbvN62Agr #Syria,TheArabSource,"[u'ISIS', u'SDF', u'Baghouz', u'Syria']",50717
2019-02-28 07:01:58,"Tough against #ISIS &amp; #Begum is renouncing our values &amp; morality? More likely fear &amp; cowardice! Harder to be civilised in face of barbarism. Cheering backward attitudes is hiding behind frustration, fear of uncertainty &amp; inability to define what values &amp; morals we want to defend",cricri42,"[u'ISIS', u'Begum']",426
2019-02-28 07:01:57,"Syria: Hundreds of ISIS supporters, victims flee before final assault on Baghouz. #Syria #ISIS #Baghouz #IndusNews #LatestNews",indusdotnews,"[u'Syria', u'ISIS', u'Baghouz', u'IndusNews', u'LatestNews']",272
2019-02-28 07:01:35,#EU countries failure on integrating ‚Äúimported labour‚Äù to its system is part of #ISIS and must pay for rebuilding #ME Everything are connected https://t.co/E8PlNMQi32,RhawiMetin,"[u'EU', u'ISIS', u'ME']",126
2019-02-28 07:00:35,"I guess if we run out of room we can just throw a few more souls on the fire. Saves on the gas bill. #NaturalGas burns pretty clean, but those little devils give off sparks and crackles.  Especially the really dark and twisted ones. #ISIS fighters? #Oilmen? Yuck.",thepitsofheck,"[u'NaturalGas', u'ISIS', u'Oilmen']",0
2019-02-28 07:00:03,Targeted #ISIS accounts https://t.co/2fFnMIoLlZ üÜï https://t.co/DfTMqm50q8 üÜï üö© https://t.co/4cizuEdIz3 üÜï #targets #iceisis #opiceisis,CtrlSec,"[u'ISIS', u'targets', u'iceisis', u'opiceisis']",25856
2019-02-28 06:56:49,Wow what a week #Pell #Trudeau go down #IndiaPakistan go to war #TrumpKimSummit stalls over #Venezuela #Isis finally defeated #BillyJSmith dies #Ita gets a job she didn‚Äôt even apply for &amp; its only Thursday #ABCNews &amp; #Yellowvest are still protesting ü§î,Cloudsurfermike,"[u'Pell', u'Trudeau', u'IndiaPakistan', u'TrumpKimSummit', u'Venezuela', u'Isis', u'BillyJSmith', u'Ita', u'ABCNews', u'Yellowvest']",206
2019-02-28 06:56:02,Targeted #ISIS accounts https://t.co/esx0mnIWYG üÜï https://t.co/68v2Ol84eY üÜï https://t.co/BIyeHjPhKj üÜï #targets #iceisis #opiceisis,CtrlSec,"[u'ISIS', u'targets', u'iceisis', u'opiceisis']",25856
2019-02-28 06:55:05,#Islam; #ShamimaBegum #ISIS  #IS On Islam and Hate Speech https://t.co/O1xPAg6meM,PeterTownsend7,"[u'Islam', u'ShamimaBegum', u'ISIS', u'IS']",104217
2019-02-28 06:52:08,"In #Raqqa, local teams are exhuming thousands of bodies from #Isis's mass graves. But without forensics, they likely to remain unidentified. This week I visited Al Fukheikha, the largest burial site found yet https://t.co/vQKtmKs0ps",hannahluci,"[u'Raqqa', u'Isis']",283
2019-02-28 06:51:54,"#Rakka, downtown. February 24th. The city is severely destroyed, and a lot of #isis' sleeping cells are still running in the shadows.  @chris_huby @lepictorium_agency  #raqqa #syria #syrie #war #conflict #muslim #mosq #mosquee #musulman #rue #route #phot‚Ä¶ https://t.co/Y4Ltqdip4z https://t.co/j9DoE5udbp",PictoriumAgency,"[u'Rakka', u'isis', u'raqqa', u'syria', u'syrie', u'war', u'conflict', u'muslim', u'mosq', u'mosquee', u'musulman', u'rue', u'route', u'phot']",290
2019-02-28 06:51:16,"@TimesNow @Srinjoy_C @Swatij14 #Pakistan has never respected its agreements or boundaries. It is occupied by a hostile army, which is openly involved in terror acts and drugs business #PAKISTANARMY is exactly like #ISIS  it openly deals with #Taliban Known for exproting terror  @imrankhanpti should explain",kumaraniket,"[u'Pakistan', u'PAKISTANARMY', u'ISIS', u'Taliban']",1385
2019-02-28 06:49:29,#hallabol - The #condition in #Pakistan is #worse than #Syria . At least #Syrian #Government didn't support #ISIS #Terrorists . But Pakistan #backing n #sponsoring #terror #outfits  #PulwamaRevenge #AbhinandanVarthaman #AbhinandanMyHero #IndianAirForce #IndiaStrikesBack #JaiHind,yogeshmishra__,"[u'hallabol', u'condition', u'Pakistan', u'worse', u'Syria', u'Syrian', u'Government', u'ISIS', u'Terrorists', u'backing', u'sponsoring', u'terror', u'outfits', u'PulwamaRevenge', u'AbhinandanVarthaman', u'AbhinandanMyHero', u'IndianAirForce', u'IndiaStrikesBack', u'JaiHind']",95
2019-02-28 06:48:03,Targeted #ISIS accounts https://t.co/lq7yLfLcKo üÜï https://t.co/8m7Itin6Eh üÜï üö© https://t.co/0pgBaRVy5I üÜï üö© #targets #iceisis #opiceisis,CtrlSec,"[u'ISIS', u'targets', u'iceisis', u'opiceisis']",25856
2019-02-28 06:45:06,#Islam; #ShamimaBegum #ISIS  #IS Peter Townsend - Coming soon to both Audible and Itunes. Sign up for updates at: https://t.co/VVYRRf1njC,PeterTownsend7,"[u'Islam', u'ShamimaBegum', u'ISIS', u'IS']",104217
2019-02-28 06:40:04,Targeted #ISIS accounts https://t.co/3yiTNj525j üÜï https://t.co/s6kyFJwJgz üÜï https://t.co/qHXtXztrHg üÜï üö© #targets #iceisis #opiceisis,CtrlSec,"[u'ISIS', u'targets', u'iceisis', u'opiceisis']",25856
2019-02-28 06:33:58,"This is for those who think war is a video game and that you can bomb out terrorists with #AirStrikes. This is Homs, Syria. Sure, #ISIS was destroyed by an intense campaign of #AirStrikes, but this is the cost. If you do this to Pakistan, you think they wouldn't do it to us? https://t.co/T1I7mmyVFd",NilimDutta,"[u'AirStrikes', u'ISIS', u'AirStrikes']",11995
2019-02-28 06:32:02,Targeted #ISIS accounts https://t.co/vhtTBGxKdn üÜï üö© https://t.co/2UT6OWg1sG üÜï https://t.co/XtoynA1ZCL üÜï #targets #iceisis #opiceisis,CtrlSec,"[u'ISIS', u'targets', u'iceisis', u'opiceisis']",25856
2019-02-28 06:31:52,Belgium wins appeal against repatriation of Islamic State families  https://t.co/DKsiBpUpD4 #NRTnews #Belgium #ISIS #Syria https://t.co/MkJUyP1yJR,NRT_English,"[u'NRTnews', u'Belgium', u'ISIS', u'Syria']",31690
2019-02-28 06:30:16,"#Islam; #ShamimaBegum #ISIS  #IS For Muslim history to be true, absolutely flawless oral tranmission had to occur https://t.co/Ts3PCSY52k",PeterTownsend7,"[u'Islam', u'ShamimaBegum', u'ISIS', u'IS']",104217
2019-02-28 06:29:48,‚ÄúISIS Brides‚Äù By the Central Committee of Ex-Muslims in Scandinavia. ‚ÄúThe public fund for #Islamism must be banned!‚Äù Watch the program in full through the following link: üëá https://t.co/frklAxN7rP #ExMuslimScandinavia #exmuslims #mosques #ISIS https://t.co/7kKNczNbFS,ExScandinavia,"[u'Islamism', u'ExMuslimScandinavia', u'exmuslims', u'mosques', u'ISIS']",210
2019-02-28 06:29:38,"Humanitarian law must be uphold, even when fighting #ISIS. Protect civilians and hostages during this last assault! A shame to let children die after their liberation! #Syria #FreeAbunaPaolo https://t.co/D4rDj32WLk",fritzbokern,"[u'ISIS', u'Syria', u'FreeAbunaPaolo']",434
2019-02-28 06:25:55,LARGE NUMBER OF MALAYSIANS DIED FIGHTING IN SYRIAN WAR Full news: New Straits Times - 22 Februari 2019 üëâhttps://t.co/0c1SJ2iYwa  #alhaqcentre #utusanmalaysia #syria #daesh #militants #ISIS  FOLLOW US üëá  https://t.co/xLNCoZe3IQ https://t.co/NZTfc79QwC https://t.co/CblCSqVh9R https://t.co/ahY4SKrmQz,alhaqcentre,"[u'alhaqcentre', u'utusanmalaysia', u'syria', u'daesh', u'militants', u'ISIS']",87
2019-02-28 06:25:03,"#Islam; #ShamimaBegum #ISIS  #IS On Islam and ""Hate Speech"" https://t.co/O1xPAg6meM",PeterTownsend7,"[u'Islam', u'ShamimaBegum', u'ISIS', u'IS']",104217
2019-02-28 06:24:03,Targeted #ISIS accounts https://t.co/jlH4NgiLUS https://t.co/q4a26pWI2R üèÉ https://t.co/eeOntBm88A #targets #iceisis #opiceisis,CtrlSec,"[u'ISIS', u'targets', u'iceisis', u'opiceisis']",25856
2019-02-28 06:23:10,üìπ The #US-led @coalition continues to target #ISIS in #DeirEzzor's #Baghuz Fawqani https://t.co/fbALSq7ZK0,smmsyria,"[u'US', u'ISIS', u'DeirEzzor', u'Baghuz']",5754
2019-02-28 06:16:02,Targeted #ISIS accounts https://t.co/Pk9NAZkpip üá¶üá´ https://t.co/KD4o2xQKre https://t.co/A8eYx3SEYa #targets #iceisis #opiceisis,CtrlSec,"[u'ISIS', u'targets', u'iceisis', u'opiceisis']",25856
2019-02-28 06:15:06,#Islam; #ShamimaBegum #ISIS  #IS  Get your FREE copy of Peter Townsend's ebook 'On Islam and Indoctrination' today at https://t.co/YO79zGpgrW,PeterTownsend7,"[u'Islam', u'ShamimaBegum', u'ISIS', u'IS']",104217
2019-02-28 06:14:33,Volunteer medics aid civilians caught in #ISIS crossfire - Feb 28 @ 1:13 AM ET  https://t.co/GmmDqdWISY,PulpNews,[u'ISIS'],4437
2019-02-28 06:11:28,"Despite losing Caliphate, Islamic State is not defeated --- ""humanitarian aid will be constrained by the volatile security situation in large parts of #Iraq""   #ISIS #Syria https://t.co/qAnpQqDYr1",ScottLucas_EA,"[u'Iraq', u'ISIS', u'Syria']",8592
2019-02-28 06:10:17,"Misunderstanding the Islamic State's ""Defeat"" --- and Why It Matters for Humanitarian Aid (@ArbogastJim)   https://t.co/7V4jiNxIsq  #ISIS #Iraq #Syria https://t.co/fEGFPHAu9Z",EA_WorldView,"[u'ISIS', u'Iraq', u'Syria']",4001
2019-02-28 06:08:57,@RalphGoodale How are the returning #Isis fighters doing. Did you give them new identities yet? Have they gone for govt retraining on how to become a  #liberal mp.They're  already 3/4 of the way now..what's the clincher that's gets them in funding?,Blanchecartefo1,"[u'Isis', u'liberal']",423
2019-02-28 06:08:02,Targeted #ISIS accounts https://t.co/uCD7mZ9Jm5 https://t.co/Hw9jwEW0uQ üèÉ https://t.co/J6j59Eusz1 #targets #iceisis #opiceisis,CtrlSec,"[u'ISIS', u'targets', u'iceisis', u'opiceisis']",25856
2019-02-28 06:05:03,#Islam; #ShamimaBegum #ISIS  #IS  Your free copy of Peter Townsend's e-book 'Arabic for Unbelievers'. Get it at https://t.co/5i1QeUVvOX,PeterTownsend7,"[u'Islam', u'ShamimaBegum', u'ISIS', u'IS']",104217
2019-02-28 06:03:44,"""No matter how much we try to deny it, the work against #ISIS is by no means over. It's likely the hard work is just starting."" Largest (3,500 dead) IS mass grave yet found outside Syria's #Raqqa https://t.co/1dzmP5U7aL via @YahooNews",lawandliberty1,"[u'ISIS', u'Raqqa']",76
2019-02-28 06:00:03,Targeted #ISIS accounts https://t.co/9jYKG9AIL4 https://t.co/YEYZEYEOrQ https://t.co/c62n52lO82 #targets #iceisis #opiceisis,CtrlSec,"[u'ISIS', u'targets', u'iceisis', u'opiceisis']",25856
2019-02-28 05:57:58,Court in #Belgium rules its state 'is no longer obliged to undertake any act of repatriation' #ISIS #Syria  https://t.co/VoubOWaqix,RudawEnglish,"[u'Belgium', u'ISIS', u'Syria']",355741
